No,X1 transaction date,X2 house age,X3 distance to the nearest MRT station,X4 number of convenience stores,X5 latitude,X6 longitude
222,2013.333,9.0,1402.016,0,24.98569,121.5276
21,2013.417,4.5,2275.877,3,24.96314,121.51151
398,2013.417,13.1,1164.838,4,24.99156,121.53406
91,2012.833,0.0,274.0144,1,24.9748,121.53059
191,2013.5,35.3,616.5735,8,24.97945,121.53642
20,2012.667,1.5,23.38284,7,24.96772,121.54102
224,2013.25,9.1,1402.016,0,24.98569,121.5276
116,2013.083,20.6,737.9161,2,24.98092,121.54739
322,2012.917,16.9,964.7496,4,24.98872,121.53411
132,2013.5,4.0,2147.376,3,24.96299,121.51284
393,2013.083,42.7,443.802,6,24.97927,121.53874
34,2013.25,16.5,323.655,6,24.97841,121.54281
40,2013.167,16.2,289.3248,5,24.98203,121.54348
178,2013.083,33.0,181.0766,9,24.97697,121.54262
208,2013.083,38.5,665.0636,3,24.97503,121.53692
192,2013.167,13.2,750.0704,2,24.97371,121.54951
341,2013.333,33.6,270.8895,0,24.97281,121.53265
154,2013.25,6.5,376.1709,6,24.95418,121.53713
377,2013.417,14.7,1717.193,2,24.96447,121.51649
200,2013.417,18.2,451.6419,8,24.96945,121.5449
68,2013.5,8.5,104.8101,5,24.96674,121.54067
125,2012.917,9.9,279.1726,7,24.97528,121.54541
166,2012.917,13.7,1236.564,1,24.97694,121.55391
7,2012.667,34.5,623.4731,7,24.97933,121.53642
306,2013.083,16.2,289.3248,5,24.98203,121.54348
286,2013.167,30.1,718.2937,3,24.97509,121.53644
12,2013.333,6.3,90.45606,9,24.97433,121.5431
270,2013.0,17.6,837.7233,0,24.96334,121.54767
115,2012.667,30.6,143.8383,8,24.98155,121.54142
93,2012.917,20.6,2469.645,4,24.96108,121.51046
207,2013.25,22.2,379.5575,10,24.98343,121.53762
298,2012.833,34.9,567.0349,4,24.97003,121.5458
254,2012.667,30.4,1735.595,2,24.96464,121.51623
335,2012.917,30.0,1013.341,5,24.99006,121.5346
396,2012.917,21.2,512.5487,4,24.974,121.53842
358,2013.417,0.0,338.9679,9,24.96853,121.54413
165,2012.833,0.0,185.4296,0,24.9711,121.5317
231,2013.5,4.0,2147.376,3,24.96299,121.51284
104,2012.75,0.0,208.3905,6,24.95618,121.53844
79,2012.917,38.2,552.4371,2,24.97598,121.53381
387,2012.833,0.0,185.4296,0,24.9711,121.5317
108,2013.333,12.2,1360.139,1,24.95204,121.54842
160,2012.667,15.5,815.9314,4,24.97886,121.53464
317,2013.25,13.3,250.631,7,24.96606,121.54297
109,2013.417,31.4,592.5006,2,24.9726,121.53561
356,2013.25,3.8,383.8624,5,24.98085,121.54391
78,2012.833,20.5,2185.128,3,24.96322,121.51237
25,2013.0,39.6,480.6977,4,24.97353,121.53885
43,2013.417,36.1,519.4617,5,24.96305,121.53758
161,2012.917,3.5,49.66105,8,24.95836,121.53756
136,2012.917,18.9,1009.235,0,24.96357,121.54951
77,2013.583,35.9,616.4004,3,24.97723,121.53767
187,2013.167,20.9,2185.128,3,24.96322,121.51237
397,2012.667,37.1,918.6357,1,24.97198,121.55063
333,2013.167,39.8,617.7134,2,24.97577,121.53475
198,2013.25,34.4,126.7286,8,24.96881,121.54089
139,2013.167,10.0,942.4664,0,24.97843,121.52406
164,2013.5,8.5,104.8101,5,24.96674,121.54067
240,2013.5,18.1,837.7233,0,24.96334,121.54767
98,2013.083,28.4,617.4424,3,24.97746,121.53299
352,2012.833,4.0,2180.245,3,24.96324,121.51241
206,2013.083,12.8,1449.722,3,24.97289,121.51728
389,2013.5,10.4,2251.938,4,24.95957,121.51353
202,2013.417,13.1,561.9845,5,24.98746,121.54391
316,2013.083,15.6,1756.411,2,24.9832,121.51812
408,2013.0,5.2,2408.993,0,24.95505,121.55964
295,2013.5,26.4,335.5273,6,24.9796,121.5414
327,2013.5,4.1,56.47425,7,24.95744,121.53711
294,2012.667,12.6,383.2805,7,24.96735,121.54464
143,2013.417,19.8,640.6071,5,24.97017,121.54647
44,2012.75,34.4,512.7871,6,24.98748,121.54301
13,2012.917,13.0,492.2313,5,24.96515,121.53737
278,2013.417,21.2,2185.128,3,24.96322,121.51237
210,2012.833,34.8,175.6294,8,24.97347,121.54271
343,2012.667,5.7,90.45606,9,24.97433,121.5431
126,2013.167,1.1,193.5845,6,24.96571,121.54089
204,2012.667,15.6,289.3248,5,24.98203,121.54348
277,2013.0,19.1,461.1016,5,24.95425,121.5399
264,2013.417,3.9,2147.376,3,24.96299,121.51284
131,2013.25,29.6,535.527,8,24.98092,121.53653
382,2013.417,8.0,132.5469,9,24.98298,121.53981
400,2012.917,12.7,170.1289,1,24.97371,121.52984
300,2013.167,33.2,121.7262,10,24.98178,121.54059
376,2013.25,21.7,1157.988,0,24.96165,121.55011
186,2012.75,31.4,1447.286,3,24.97285,121.5173
255,2012.667,1.1,329.9747,5,24.98254,121.54395
151,2013.25,35.8,170.7311,7,24.96719,121.54269
173,2013.583,6.6,90.45606,9,24.97433,121.5431
225,2013.333,34.5,324.9419,6,24.97814,121.5417
223,2013.583,30.6,431.1114,10,24.98123,121.53743
406,2012.667,23.0,130.9945,6,24.95663,121.53765
3,2013.583,13.3,561.9845,5,24.98746,121.54391
328,2013.417,3.5,757.3377,3,24.97538,121.54971
129,2013.083,41.3,124.9912,6,24.96674,121.54039
239,2013.083,12.8,732.8528,0,24.97668,121.52518
241,2013.083,11.0,1712.632,2,24.96412,121.5167
28,2013.25,10.4,276.449,5,24.95593,121.53913
134,2012.833,18.0,373.3937,8,24.9866,121.54082
320,2013.25,34.6,272.6783,5,24.95562,121.53872
302,2012.75,38.0,461.7848,0,24.97229,121.53445
373,2013.0,33.9,157.6052,7,24.96628,121.54196
141,2013.25,16.2,289.3248,5,24.98203,121.54348
84,2012.917,25.3,2707.392,3,24.96056,121.50831
338,2012.833,31.3,600.8604,5,24.96871,121.54651
32,2012.75,29.6,769.4034,7,24.98281,121.53408
95,2012.917,40.9,167.5989,5,24.9663,121.54026
371,2012.75,15.9,289.3248,5,24.98203,121.54348
121,2013.167,13.3,492.2313,5,24.96515,121.53737
275,2013.167,27.5,394.0173,7,24.97305,121.53994
362,2013.083,41.4,281.205,8,24.97345,121.54093
147,2012.75,0.0,185.4296,0,24.9711,121.5317
209,2012.75,11.5,1360.139,1,24.95204,121.54842
342,2013.0,13.0,750.0704,2,24.97371,121.54951
52,2013.083,31.3,1758.406,1,24.95402,121.55282
381,2013.333,14.1,289.3248,5,24.98203,121.54348
75,2012.917,6.8,379.5575,10,24.98343,121.53762
310,2013.25,30.3,1264.73,0,24.94883,121.52954
97,2013.417,6.4,90.45606,9,24.97433,121.5431
211,2013.5,5.2,390.5684,5,24.97937,121.54245
80,2013.0,18.0,1414.837,1,24.95182,121.54887
179,2013.5,13.1,1144.436,4,24.99176,121.53456
14,2012.667,20.4,2469.645,4,24.96108,121.51046
39,2012.667,3.1,577.9615,6,24.97201,121.54722
30,2013.083,7.1,451.2438,5,24.97563,121.54694
194,2013.417,9.7,421.479,5,24.98246,121.54477
159,2013.0,11.6,390.5684,5,24.97937,121.54245
337,2012.833,5.1,1867.233,2,24.98407,121.51748
280,2013.417,2.6,1554.25,3,24.97026,121.51642
168,2013.417,28.2,330.0854,8,24.97408,121.54011
260,2013.083,17.7,837.7233,0,24.96334,121.54767
252,2012.917,31.7,1159.454,0,24.9496,121.53018
145,2013.083,11.9,1360.139,1,24.95204,121.54842
281,2013.25,2.3,184.3302,6,24.96581,121.54086
60,2013.083,13.3,336.0532,5,24.95776,121.53438
273,2012.75,13.0,492.2313,5,24.96515,121.53737
312,2013.167,21.3,537.7971,4,24.97425,121.53814
107,2013.083,17.2,189.5181,8,24.97707,121.54308
318,2012.75,15.6,752.7669,2,24.97795,121.53451
203,2012.917,38.3,642.6985,3,24.97559,121.53713
234,2013.333,39.7,333.3679,9,24.98016,121.53932
137,2012.75,11.4,390.5684,5,24.97937,121.54245
47,2013.417,21.7,463.9623,9,24.9703,121.54458
101,2013.5,17.5,964.7496,4,24.98872,121.53411
324,2013.417,28.6,197.1338,6,24.97631,121.54436
236,2012.75,12.9,250.631,7,24.96606,121.54297
287,2012.917,5.9,90.45606,9,24.97433,121.5431
346,2012.667,0.0,185.4296,0,24.9711,121.5317
5,2012.833,5.0,390.5684,5,24.97937,121.54245
289,2013.583,16.6,323.6912,6,24.97841,121.5428
372,2013.5,4.1,312.8963,5,24.95591,121.53956
112,2013.583,33.3,196.6172,7,24.97701,121.54224
258,2013.25,17.3,444.1334,1,24.97501,121.5273
357,2012.833,10.3,211.4473,1,24.97417,121.52999
243,2012.833,2.0,2077.39,3,24.96357,121.51329
196,2013.333,15.2,461.1016,5,24.95425,121.5399
110,2013.583,4.0,2147.376,3,24.96299,121.51284
245,2013.083,4.8,1559.827,3,24.97213,121.51627
70,2012.833,12.5,561.9845,5,24.98746,121.54391
55,2013.083,16.1,289.3248,5,24.98203,121.54348
35,2012.75,15.4,205.367,7,24.98419,121.54243
301,2013.083,2.5,156.2442,4,24.96696,121.53992
226,2013.25,1.1,193.5845,6,24.96571,121.54089
403,2012.833,12.7,187.4823,1,24.97388,121.52981
29,2013.5,19.2,557.478,4,24.97419,121.53797
326,2013.083,36.6,488.8193,8,24.97015,121.54494
262,2013.167,16.2,2288.011,3,24.95885,121.51359
293,2013.083,17.5,395.6747,5,24.95674,121.534
183,2013.5,13.5,2147.376,3,24.96299,121.51284
364,2013.5,32.3,109.9455,10,24.98182,121.54086
153,2013.333,12.0,1360.139,1,24.95204,121.54842
71,2013.583,6.6,90.45606,9,24.97433,121.5431
150,2012.667,34.9,179.4538,8,24.97349,121.54245
142,2013.333,5.1,1559.827,3,24.97213,121.51627
10,2013.417,17.9,1783.18,3,24.96731,121.51486
73,2013.583,32.5,424.5442,8,24.97587,121.53913
16,2013.583,35.7,579.2083,2,24.9824,121.54619
175,2013.417,4.3,432.0385,7,24.9805,121.53778
46,2013.083,36.6,488.8193,8,24.97015,121.54494
380,2013.333,0.0,292.9978,6,24.97744,121.54458
339,2012.917,31.5,258.186,9,24.96867,121.54331
246,2013.417,7.5,639.6198,5,24.97258,121.54814
315,2013.25,3.7,577.9615,6,24.97201,121.54722
360,2013.5,5.6,2408.993,0,24.95505,121.55964
268,2012.833,34.7,482.7581,5,24.97433,121.53863
237,2013.167,3.6,373.8389,10,24.98322,121.53765
242,2013.5,13.7,250.631,7,24.96606,121.54297
334,2012.75,7.8,104.8101,5,24.96674,121.54067
378,2013.333,3.9,49.66105,8,24.95836,121.53756
284,2013.417,33.5,1978.671,2,24.98674,121.51844
404,2012.667,30.9,161.942,9,24.98353,121.53966
379,2013.333,37.3,587.8877,8,24.97077,121.54634
303,2013.5,16.5,2288.011,3,24.95885,121.51359
228,2012.917,32.4,265.0609,8,24.98059,121.53986
182,2013.167,11.6,201.8939,8,24.98489,121.54121
51,2013.417,21.7,512.5487,4,24.974,121.53842
247,2013.417,16.4,389.8219,6,24.96412,121.54273
215,2013.583,18.1,1783.18,3,24.96731,121.51486
349,2012.833,4.6,259.6607,6,24.97585,121.54516
292,2012.833,3.4,56.47425,7,24.95744,121.53711
119,2013.5,25.3,1583.722,3,24.96622,121.51709
62,2013.5,5.3,259.6607,6,24.97585,121.54516
2,2012.917,19.5,306.5947,9,24.98034,121.53951
57,2013.417,33.6,371.2495,8,24.97254,121.54059
92,2013.25,9.1,1402.016,0,24.98569,121.5276
235,2013.25,8.0,2216.612,4,24.96007,121.51361
38,2013.167,12.0,1360.139,1,24.95204,121.54842
296,2013.167,18.2,2179.59,3,24.96299,121.51252
103,2013.083,1.1,193.5845,6,24.96571,121.54089
61,2013.417,11.0,1931.207,2,24.96365,121.51471
297,2012.75,12.5,1144.436,4,24.99176,121.53456
274,2013.417,13.2,170.1289,1,24.97371,121.52984
15,2013.5,13.2,1164.838,4,24.99156,121.53406
355,2013.417,12.2,1360.139,1,24.95204,121.54842
100,2013.417,6.4,90.45606,9,24.97433,121.5431
307,2013.5,14.4,169.9803,1,24.97369,121.52979
189,2012.917,34.8,190.0392,8,24.97707,121.54312
368,2012.833,15.0,1828.319,2,24.96464,121.51531
407,2013.167,1.9,372.1386,7,24.97293,121.54026
148,2012.75,3.2,489.8821,8,24.97017,121.54494
345,2013.5,34.6,3085.17,0,24.998,121.5155
399,2013.417,14.7,1717.193,2,24.96447,121.51649
359,2013.167,1.1,193.5845,6,24.96571,121.54089
276,2012.667,1.5,23.38284,7,24.96772,121.54102
63,2012.917,17.2,2175.877,3,24.96303,121.51254
58,2012.917,3.5,56.47425,7,24.95744,121.53711
199,2013.083,34.0,157.6052,7,24.96628,121.54196
214,2013.083,6.2,90.45606,9,24.97433,121.5431
412,2013.25,18.8,390.9696,7,24.97923,121.53986
212,2013.083,0.0,274.0144,1,24.9748,121.53059
193,2013.167,43.8,57.58945,7,24.9675,121.54069
67,2013.0,1.0,193.5845,6,24.96571,121.54089
56,2012.833,31.7,1160.632,0,24.94968,121.53009
267,2013.25,17.8,1783.18,3,24.96731,121.51486
285,2012.917,15.0,383.2805,7,24.96735,121.54464
23,2012.917,14.7,1360.139,1,24.95204,121.54842
353,2012.833,18.4,2674.961,3,24.96143,121.50827
180,2013.083,14.0,438.8513,1,24.97493,121.5273
311,2013.583,16.4,1643.499,2,24.95394,121.55174
216,2013.333,19.2,383.7129,8,24.972,121.54477
331,2013.083,32.0,1156.777,0,24.94935,121.53046
384,2012.667,29.1,506.1144,4,24.97845,121.53889
290,2013.333,13.9,289.3248,5,24.98203,121.54348
347,2013.417,13.2,1712.632,2,24.96412,121.5167
167,2013.417,0.0,292.9978,6,24.97744,121.54458
144,2013.5,13.6,492.2313,5,24.96515,121.53737
169,2013.083,27.6,515.1122,5,24.96299,121.5432
111,2013.083,8.1,104.8101,5,24.96674,121.54067
99,2013.417,16.4,289.3248,5,24.98203,121.54348
370,2012.667,20.2,2185.128,3,24.96322,121.51237
244,2013.417,32.8,204.1705,8,24.98236,121.53923
135,2012.667,33.4,186.9686,6,24.96604,121.54211
414,2013.5,6.5,90.45606,9,24.97433,121.5431
22,2013.417,10.5,279.1726,7,24.97528,121.54541
213,2013.333,17.6,1805.665,2,24.98672,121.52091
81,2013.5,11.8,533.4762,4,24.97445,121.54765
120,2013.5,16.6,289.3248,5,24.98203,121.54348
304,2013.5,38.3,439.7105,0,24.97161,121.53423
390,2013.25,40.9,122.3619,8,24.96756,121.5423
114,2013.333,14.8,393.2606,6,24.96172,121.53812
